"nome","email","dt_inicio"
"Mattias Sivior","msivior2@rediff.com","2025-01-05"
"Jasper Gerardin","jgerardin3@jugem.jp","2025-02-01"
"Dotty Coyle","dcoyle4@yellowpages.com","2025-03-05"
"Deanna Godfroy","dgodfroy5@prweb.com","2025-04-10"
"Malcolm Stolberger","mstolberger6@tripadvisor.com","2025-05-05"
"Marietta Epelett","mepelett7@yahoo.com","2025-06-01"
"Shamus Crichmere","scrichmere8@google.it","2025-07-10"
"Allie Paulmann","apaulmann9@abc.net.au","2025-08-01"
"Craig Couzens","ccouzensa@cbslocal.com","2025-09-01"
"Siffre Wathall","swathallb@acquirethisname.com","2025-10-10"
"Blanche Wedlock","bwedlockc@goodreads.com","2025-11-05"
"Johna Roobottom","jroobottomd@adobe.com","2025-12-01"
"Husain Yard","hyarde@gov.uk","2026-01-10"
"Evyn Fellini","efellinif@usgs.gov","2026-02-20"
"Mirabella Cunnah","mcunnahg@arstechnica.com","2026-03-15"
"Swen Keetley","skeetleyh@msn.com","2026-04-05"
"Abby Khadir","akhadiri@illinois.edu","2026-05-15"
"Marcelo Krout","mkroutj@nba.com","2026-06-10"
"Amelie Kennewell","akennewellk@ocn.ne.jp","2026-07-01"
"Vassily Dobkin","vdobkinl@narod.ru","2026-08-05"
"Sileas Kondrachenko","skondrachenkom@walmart.com","2026-09-15"
"Gennifer Ikin","gikinn@springer.com","2026-10-10"
"Clareta Rocco","croccoo@narod.ru","2026-11-01"
"Alidia Pelzer","apelzerp@wikia.com","2026-12-05"
"Mattheus Jarrell","mjarrellq@phoca.cz","2027-01-15"
"Nehemiah Bootell","nbootellr@desdev.cn","2027-02-10"
"Ly Billett","lbilletts@prnewswire.com","2027-03-05"
"Parry Pluthero","pplutherot@phpbb.com","2027-04-15"
"Del Groom","dgroom0@t-online.de","2027-05-01"
"Fidel Messitt","fmessitt1@feedburner.com","2027-06-10"
"Mattias Sivior","msivior2@rediff.com","2027-07-01"
"Jasper Gerardin","jgerardin3@jugem.jp","2027-08-05"
"Dotty Coyle","dcoyle4@yellowpages.com","2027-09-15"
"Deanna Godfroy","dgodfroy5@prweb.com","2027-10-01"
"Malcolm Stolberger","mstolberger6@tripadvisor.com","2027-11-10"
"Marietta Epelett","mepelett7@yahoo.com","2027-12-01"
"Shamus Crichmere","scrichmere8@google.it","2028-01-05"
"Allie Paulmann","apaulmann9@abc.net.au","2028-02-15"
"Craig Couzens","ccouzensa@cbslocal.com","2028-03-10"
"Siffre Wathall","swathallb@acquirethisname.com","2028-04-15"
"Blanche Wedlock","bwedlockc@goodreads.com","2028-05-05"
"Johna Roobottom","jroobottomd@adobe.com","2028-06-10"
"Husain Yard","hyarde@gov.uk","2028-07-01"
"Evyn Fellini","efellinif@usgs.gov","2028-08-05"
"Mirabella Cunnah","mcunnahg@arstechnica.com","2028-09-10"
"Swen Keetley","skeetleyh@msn.com","2028-10-01"
"Abby Khadir","akhadiri@illinois.edu","2028-11-05"
"Marcelo Krout","mkroutj@nba.com","2028-12-15"
"Amelie Kennewell","akennewellk@ocn.ne.jp","2029-01-05"
"Vassily Dobkin","vdobkinl@narod.ru","2029-02-15"
"Sileas Kondrachenko","skondrachenkom@walmart.com","2029-03-10"
"Gennifer Ikin","gikinn@springer.com","2029-04-20"
"Clareta Rocco","croccoo@narod.ru","2029-05-15"
"Alidia Pelzer","apelzerp@wikia.com","2029-06-05"
"Mattheus Jarrell","mjarrellq@phoca.cz","2029-07-01"
"Nehemiah Bootell","nbootellr@desdev.cn","2029-08-10"
"Ly Billett","lbilletts@prnewswire.com","2029-09-05"
"Parry Pluthero","pplutherot@phpbb.com","2029-10-15"
